env_condition,GWAS_markers,Chromosome,Position,Pvalue,Qvalue,Actual_Position,Marker_type
AmphotericinB_0.5ug.ml_Yield,LOF7734.YPR113W_PIS1,21,59470000,0.000105301,0.386896337,NA,LOF
Clotrimazole_0.3ug.ml_Yield,LOF7734.YPR113W_PIS1,21,59470000,2.22E-05,0.204495022,NA,LOF
Cycloheximide_0.2aug.ml_GT,LOF7012.YOR043W_WHI2,21,52260000,8.28E-06,0.19608656,NA,LOF
Cycloheximide_0.2aug.ml_Yield,LOF4283.YHR033W_YHR033W,21,25110000,6.24E-05,0.280582519,NA,LOF
Flucanazole_8ug.ml_GT,LOF7734.YPR113W_PIS1,21,59470000,2.17E-05,0.236329759,NA,LOF
Ketoconazole_0.005mg.mL_GT,LOF7734.YPR113W_PIS1,21,59470000,1.69E-05,0.389909318,NA,LOF
Ketoconazole_0.005mg.mL_Yield,LOF7734.YPR113W_PIS1,21,59470000,2.22E-06,0.025709413,NA,LOF
Ketoconazole_0.005mg.mL_Yield,PA4472.YHR211W_NumOfGenes_3,19,44720000,6.90E-06,0.049641612,NA,PA
Ketoconazole_0.0075mg.mL_GT,LOF6792.YNR073C_YNR073C,21,50070000,2.53E-09,3.07E-05,NA,LOF
Ketoconazole_0.0075mg.mL_GT,LOF4824.YJL130C_URA2,21,30470000,7.87E-08,0.000613102,NA,LOF
Ketoconazole_0.0075mg.mL_GT,LOF2938.YDR246W-A_YDR246W-A,21,11670000,9.81E-08,0.000713194,NA,LOF
Ketoconazole_0.0075mg.mL_GT,LOF4009.YGR110W_CLD1,21,22370000,2.20E-07,0.00140871,NA,LOF
Ketoconazole_0.0075mg.mL_Yield,LOF7734.YPR113W_PIS1,21,59470000,2.50E-05,0.252867211,NA,LOF
AmphotericinB_0.25ug.ml_GT,c12p418715,12,418715,6.46E-07,0.070389805,7663743,SNP
AmphotericinB_0.25ug.ml_GT,c14p609464,14,609464,8.38E-06,0.264183471,9857100,SNP
AmphotericinB_0.25ug.ml_GT,c16p284591,16,284591,1.02E-05,0.264183471,11407851,SNP
AmphotericinB_0.5ug.ml_GT,c9p383846,9,383846,2.96E-06,0.161073425,5776419,SNP
AmphotericinB_0.5ug.ml_GT,c9p234140,9,234140,5.96E-05,0.500530703,5626713,SNP
AmphotericinB_0.5ug.ml_GT,c2p104084,2,104084,7.61E-05,0.500530703,334302,SNP
AmphotericinB_0.5ug.ml_GT,c12p418715,12,418715,7.66E-05,0.500530703,7663743,SNP
AmphotericinB_0.5ug.ml_GT,c16p131304,16,131304,8.27E-05,0.500530703,11254564,SNP
AmphotericinB_0.5ug.ml_GT,c14p650221,14,650221,9.51E-05,0.500530703,9897857,SNP
AmphotericinB_0.5ug.ml_GT,c16p893345,16,893345,0.000101724,0.500530703,12016605,SNP
AmphotericinB_0.5ug.ml_GT,c10p578893,10,578893,0.00010539,0.500530703,6411354,SNP
AmphotericinB_0.5ug.ml_GT,c11p392685,11,392685,0.000107839,0.500530703,6970897,SNP
AmphotericinB_0.5ug.ml_GT,c16p98503,16,98503,0.000108971,0.500530703,11221763,SNP
AmphotericinB_0.5ug.ml_GT,c4p451706,4,451706,0.000111649,0.500530703,1811728,SNP
AmphotericinB_0.5ug.ml_Yield,c9p383846,9,383846,5.50E-07,0.035512425,5776419,SNP
AmphotericinB_0.5ug.ml_Yield,c5p85616,5,85616,6.52E-07,0.035512425,2977571,SNP
AmphotericinB_0.5ug.ml_Yield,c14p650221,14,650221,1.77E-06,0.063741579,9897857,SNP
AmphotericinB_0.5ug.ml_Yield,c10p578893,10,578893,6.52E-06,0.094236906,6411354,SNP
AmphotericinB_0.5ug.ml_Yield,c4p57334,4,57334,6.92E-06,0.094236906,1417356,SNP
AmphotericinB_0.5ug.ml_Yield,c16p131304,16,131304,2.78E-05,0.239740369,11254564,SNP
AmphotericinB_0.5ug.ml_Yield,c9p120628,9,120628,3.54E-05,0.271760147,5513201,SNP
AmphotericinB_0.5ug.ml_Yield,c5p562386,5,562386,4.28E-05,0.274212726,3454341,SNP
AmphotericinB_0.5ug.ml_Yield,c8p507863,8,507863,6.68E-05,0.3764432,5337793,SNP
AmphotericinB_0.5ug.ml_Yield,c4p732347,4,732347,7.92E-05,0.3764432,2092369,SNP
AmphotericinB_0.5ug.ml_Yield,c16p372339,16,372339,8.95E-05,0.386896337,11495599,SNP
AmphotericinB_0.5ug.ml_Yield,c2p104084,2,104084,9.58E-05,0.386896337,334302,SNP
AmphotericinB_0.5ug.ml_Yield,c4p850697,4,850697,9.83E-05,0.386896337,2210719,SNP
AmphotericinB_0.5ug.ml_Yield,c12p418715,12,418715,0.000107649,0.386896337,7663743,SNP
AmphotericinB_0.5ug.ml_Yield,c4p1261713,4,1261713,0.000107913,0.386896337,2621735,SNP
AmphotericinB_0.5ug.ml_Yield,c4p451706,4,451706,0.000110395,0.386896337,1811728,SNP
Caspofungin_0.5ug.ml_GT,c7p88819,7,88819,7.51E-08,0.008190958,3827809,SNP
Caspofungin_0.5ug.ml_GT,c10p315315,10,315315,3.37E-06,0.103792163,6147776,SNP
Caspofungin_0.5ug.ml_GT,c12p144481,12,144481,3.70E-06,0.103792163,7389509,SNP
Caspofungin_0.5ug.ml_GT,c12p75569,12,75569,3.81E-06,0.103792163,7320597,SNP
Caspofungin_0.5ug.ml_GT,c14p737192,14,737192,4.95E-06,0.108005379,9984828,SNP
Caspofungin_0.5ug.ml_GT,c14p745335,14,745335,6.58E-06,0.119563108,9992971,SNP
Caspofungin_0.5ug.ml_GT,c2p126920,2,126920,1.05E-05,0.163005085,357138,SNP
Caspofungin_0.5ug.ml_GT,c12p778594,12,778594,3.31E-05,0.327004413,8023622,SNP
Caspofungin_0.5ug.ml_GT,c16p372339,16,372339,4.02E-05,0.327004413,11495599,SNP
Caspofungin_0.5ug.ml_GT,c12p995312,12,995312,4.26E-05,0.327004413,8240340,SNP
Caspofungin_0.5ug.ml_GT,c15p86182,15,86182,5.25E-05,0.327004413,10118151,SNP
Caspofungin_0.5ug.ml_GT,c4p583798,4,583798,5.56E-05,0.327004413,1943820,SNP
Caspofungin_0.5ug.ml_GT,c15p364667,15,364667,5.72E-05,0.327004413,10396636,SNP
Caspofungin_0.5ug.ml_GT,c15p86221,15,86221,6.25E-05,0.327004413,10118190,SNP
Caspofungin_0.5ug.ml_GT,c14p149054,14,149054,6.68E-05,0.327004413,9396690,SNP
Caspofungin_0.5ug.ml_GT,c12p993910,12,993910,6.77E-05,0.327004413,8238938,SNP
Caspofungin_0.5ug.ml_GT,c7p88718,7,88718,7.74E-05,0.327004413,3827708,SNP
Caspofungin_0.5ug.ml_GT,c12p855695,12,855695,8.08E-05,0.327004413,8100723,SNP
Caspofungin_0.5ug.ml_GT,c16p630835,16,630835,8.53E-05,0.327004413,11754095,SNP
Caspofungin_0.5ug.ml_GT,c12p996361,12,996361,8.62E-05,0.327004413,8241389,SNP
Caspofungin_0.5ug.ml_GT,c8p499129,8,499129,8.88E-05,0.327004413,5329059,SNP
Caspofungin_0.5ug.ml_GT,c13p69518,13,69518,9.48E-05,0.327004413,8392723,SNP
Caspofungin_0.5ug.ml_GT,c14p20440,14,20440,9.73E-05,0.327004413,9268076,SNP
Caspofungin_0.5ug.ml_GT,c16p87944,16,87944,0.000101075,0.327004413,11211204,SNP
Caspofungin_0.5ug.ml_GT,c15p309954,15,309954,0.00010272,0.327004413,10341923,SNP
Caspofungin_0.5ug.ml_GT,c16p87803,16,87803,0.000105003,0.327004413,11211063,SNP
Caspofungin_0.5ug.ml_GT,c16p87892,16,87892,0.000105003,0.327004413,11211152,SNP
Caspofungin_0.5ug.ml_Yield,c7p88819,7,88819,4.20E-10,4.58E-05,3827809,SNP
Caspofungin_0.5ug.ml_Yield,c7p88718,7,88718,5.59E-08,0.00304911,3827708,SNP
Caspofungin_0.5ug.ml_Yield,c12p144481,12,144481,1.25E-07,0.004524696,7389509,SNP
Caspofungin_0.5ug.ml_Yield,c7p47688,7,47688,6.19E-06,0.074987944,3786678,SNP
Caspofungin_0.5ug.ml_Yield,c12p153157,12,153157,1.28E-05,0.126939961,7398185,SNP
Caspofungin_0.5ug.ml_Yield,c7p943613,7,943613,1.71E-05,0.143534205,4682603,SNP
Caspofungin_0.5ug.ml_Yield,c4p727810,4,727810,2.39E-05,0.160273572,2087832,SNP
Caspofungin_0.5ug.ml_Yield,c12p31473,12,31473,2.50E-05,0.160273572,7276501,SNP
Caspofungin_0.5ug.ml_Yield,c7p943375,7,943375,2.58E-05,0.160273572,4682365,SNP
Caspofungin_0.5ug.ml_Yield,c4p29996,4,29996,2.61E-05,0.160273572,1390018,SNP
Caspofungin_0.5ug.ml_Yield,c1p66168,1,66168,3.21E-05,0.183923495,66168,SNP
Caspofungin_0.5ug.ml_Yield,c7p47898,7,47898,4.54E-05,0.239407788,3786888,SNP
Caspofungin_0.5ug.ml_Yield,c16p836999,16,836999,4.61E-05,0.239407788,11960259,SNP
Caspofungin_0.5ug.ml_Yield,c8p395441,8,395441,6.11E-05,0.28972709,5225371,SNP
Caspofungin_0.5ug.ml_Yield,c7p943544,7,943544,7.12E-05,0.31059052,4682534,SNP
Caspofungin_0.5ug.ml_Yield,c16p203921,16,203921,7.70E-05,0.32284003,11327181,SNP
Caspofungin_0.5ug.ml_Yield,c7p943357,7,943357,8.95E-05,0.361276614,4682347,SNP
Caspofungin_0.5ug.ml_Yield,c14p710340,14,710340,0.000109552,0.411757582,9957976,SNP
Clotrimazole_0.3ug.ml_GT,c13p414669,13,414669,5.33E-07,0.042260593,8737874,SNP
Clotrimazole_0.3ug.ml_GT,c2p80573,2,80573,9.56E-07,0.042260593,310791,SNP
Clotrimazole_0.3ug.ml_GT,c12p814012,12,814012,1.16E-06,0.042260593,8059040,SNP
Clotrimazole_0.3ug.ml_GT,c12p806179,12,806179,3.23E-06,0.081859494,8051207,SNP
Clotrimazole_0.3ug.ml_GT,c12p805970,12,805970,3.76E-06,0.081859494,8050998,SNP
Clotrimazole_0.3ug.ml_GT,c9p71714,9,71714,7.78E-06,0.121080216,5464287,SNP
Clotrimazole_0.3ug.ml_GT,c9p71726,9,71726,7.78E-06,0.121080216,5464299,SNP
Clotrimazole_0.3ug.ml_GT,c9p71393,9,71393,1.31E-05,0.168458176,5463966,SNP
Clotrimazole_0.3ug.ml_GT,c3p192839,3,192839,1.39E-05,0.168458176,1236241,SNP
Clotrimazole_0.3ug.ml_GT,c9p71060,9,71060,2.98E-05,0.249912671,5463633,SNP
Clotrimazole_0.3ug.ml_GT,c16p98373,16,98373,4.56E-05,0.354827571,11221633,SNP
Clotrimazole_0.3ug.ml_GT,c15p525568,15,525568,6.10E-05,0.367722914,10557537,SNP
Clotrimazole_0.3ug.ml_GT,c4p581286,4,581286,6.15E-05,0.367722914,1941308,SNP
Clotrimazole_0.3ug.ml_GT,c3p40515,3,40515,6.28E-05,0.367722914,1083917,SNP
Clotrimazole_0.3ug.ml_GT,c8p22253,8,22253,7.42E-05,0.404577531,4852183,SNP
Clotrimazole_0.3ug.ml_GT,c14p425480,14,425480,9.46E-05,0.470739735,9673116,SNP
Clotrimazole_0.3ug.ml_GT,c13p276727,13,276727,9.76E-05,0.470739735,8599932,SNP
Clotrimazole_0.3ug.ml_GT,c5p366434,5,366434,0.000103651,0.470739735,3258389,SNP
Clotrimazole_0.3ug.ml_GT,c4p440001,4,440001,0.000112818,0.48239104,1800023,SNP
Clotrimazole_0.3ug.ml_Yield,c14p609464,14,609464,5.52E-07,0.060163773,9857100,SNP
Clotrimazole_0.3ug.ml_Yield,c5p95885,5,95885,1.85E-06,0.079706273,2987840,SNP
Clotrimazole_0.3ug.ml_Yield,c16p98497,16,98497,3.16E-06,0.079706273,11221757,SNP
Clotrimazole_0.3ug.ml_Yield,c16p98500,16,98500,3.16E-06,0.079706273,11221760,SNP
Clotrimazole_0.3ug.ml_Yield,c4p843611,4,843611,5.12E-06,0.079706273,2203633,SNP
Clotrimazole_0.3ug.ml_Yield,c16p98503,16,98503,1.67E-05,0.181716806,11221763,SNP
Clotrimazole_0.3ug.ml_Yield,c4p451706,4,451706,2.25E-05,0.204495022,1811728,SNP
Clotrimazole_0.3ug.ml_Yield,c5p95228,5,95228,2.57E-05,0.206308833,2987183,SNP
Clotrimazole_0.3ug.ml_Yield,c5p51423,5,51423,3.07E-05,0.206308833,2943378,SNP
Clotrimazole_0.3ug.ml_Yield,c8p400443,8,400443,3.66E-05,0.213056337,5230373,SNP
Clotrimazole_0.3ug.ml_Yield,c15p588536,15,588536,3.71E-05,0.213056337,10620505,SNP
Clotrimazole_0.3ug.ml_Yield,c16p131377,16,131377,4.66E-05,0.241741053,11254637,SNP
Clotrimazole_0.3ug.ml_Yield,c6p248645,6,248645,5.71E-05,0.282716013,3717474,SNP
Clotrimazole_0.3ug.ml_Yield,c14p547248,14,547248,7.10E-05,0.315226757,9794884,SNP
Clotrimazole_0.3ug.ml_Yield,c5p95856,5,95856,7.15E-05,0.315226757,2987811,SNP
Clotrimazole_0.3ug.ml_Yield,c11p126077,11,126077,7.42E-05,0.315226757,6704289,SNP
Clotrimazole_0.3ug.ml_Yield,c5p94754,5,94754,7.57E-05,0.315226757,2986709,SNP
Clotrimazole_0.3ug.ml_Yield,c2p719701,2,719701,8.03E-05,0.315226757,949919,SNP
Clotrimazole_0.3ug.ml_Yield,c10p384932,10,384932,0.000111477,0.39196134,6217393,SNP
Cycloheximide_0.2aug.ml_GT,c16p908949,16,908949,8.86E-07,0.096616519,12032209,SNP
Cycloheximide_0.2aug.ml_GT,c14p688898,14,688898,3.81E-06,0.163484765,9936534,SNP
Cycloheximide_0.2aug.ml_GT,c9p278998,9,278998,4.50E-06,0.163484765,5671571,SNP
Cycloheximide_0.2aug.ml_GT,c15p890957,15,890957,1.08E-05,0.19608656,10922926,SNP
Cycloheximide_0.2aug.ml_GT,c14p688780,14,688780,1.88E-05,0.292778147,9936416,SNP
Cycloheximide_0.2aug.ml_GT,c16p909889,16,909889,3.33E-05,0.403782887,12033149,SNP
Cycloheximide_0.2aug.ml_GT,c11p232549,11,232549,3.79E-05,0.413121244,6810761,SNP
Cycloheximide_0.2aug.ml_GT,c16p122212,16,122212,4.19E-05,0.415486506,11245472,SNP
Cycloheximide_0.2aug.ml_GT,c8p232525,8,232525,7.00E-05,0.586529349,5062455,SNP
Cycloheximide_0.2aug.ml_GT,c15p633283,15,633283,7.99E-05,0.605049397,10665252,SNP
Cycloheximide_0.2aug.ml_GT,c15p287624,15,287624,8.88E-05,0.605049397,10319593,SNP
Cycloheximide_0.2aug.ml_GT,c12p212531,12,212531,0.0001034,0.617748732,7457559,SNP
Cycloheximide_0.2aug.ml_GT,c6p73633,6,73633,0.000107683,0.617748732,3542462,SNP
Cycloheximide_0.2aug.ml_Yield,c14p688898,14,688898,4.19E-06,0.191520926,9936534,SNP
Cycloheximide_0.2aug.ml_Yield,c13p872093,13,872093,5.10E-06,0.191520926,9195298,SNP
Cycloheximide_0.2aug.ml_Yield,c16p908949,16,908949,1.09E-05,0.191520926,12032209,SNP
Cycloheximide_0.2aug.ml_Yield,c8p180918,8,180918,1.29E-05,0.191520926,5010848,SNP
Cycloheximide_0.2aug.ml_Yield,c14p141053,14,141053,1.56E-05,0.191520926,9388689,SNP
Cycloheximide_0.2aug.ml_Yield,c13p331678,13,331678,1.66E-05,0.191520926,8654883,SNP
Cycloheximide_0.2aug.ml_Yield,c5p102203,5,102203,1.95E-05,0.191520926,2994158,SNP
Cycloheximide_0.2aug.ml_Yield,c10p238334,10,238334,2.17E-05,0.191520926,6070795,SNP
Cycloheximide_0.2aug.ml_Yield,c14p688780,14,688780,2.28E-05,0.191520926,9936416,SNP
Cycloheximide_0.2aug.ml_Yield,c4p1274743,4,1274743,3.03E-05,0.233424858,2634765,SNP
Cycloheximide_0.2aug.ml_Yield,c8p181082,8,181082,3.21E-05,0.233424858,5011012,SNP
Cycloheximide_0.2aug.ml_Yield,c12p1007862,12,1007862,4.08E-05,0.277834833,8252890,SNP
Cycloheximide_0.2aug.ml_Yield,c10p623827,10,623827,4.42E-05,0.280582519,6456288,SNP
Cycloheximide_0.2aug.ml_Yield,c7p411864,7,411864,6.94E-05,0.280582519,4150854,SNP
Cycloheximide_0.2aug.ml_Yield,c15p985926,15,985926,7.08E-05,0.280582519,11017895,SNP
Cycloheximide_0.2aug.ml_Yield,c7p960458,7,960458,7.09E-05,0.280582519,4699448,SNP
Cycloheximide_0.2aug.ml_Yield,c14p62168,14,62168,7.26E-05,0.280582519,9309804,SNP
Cycloheximide_0.2aug.ml_Yield,c11p330865,11,330865,7.29E-05,0.280582519,6909077,SNP
Cycloheximide_0.2aug.ml_Yield,c15p635161,15,635161,8.66E-05,0.314708557,10667130,SNP
Cycloheximide_0.2aug.ml_Yield,c12p996361,12,996361,0.00010671,0.339211401,8241389,SNP
Cycloheximide_0.2aug.ml_Yield,c4p1367826,4,1367826,0.000107828,0.339211401,2727848,SNP
Flucanazole_8ug.ml_GT,c16p98497,16,98497,3.68E-06,0.081422924,11221757,SNP
Flucanazole_8ug.ml_GT,c16p98500,16,98500,3.68E-06,0.081422924,11221760,SNP
Flucanazole_8ug.ml_GT,c15p850944,15,850944,4.38E-06,0.081422924,10882913,SNP
Flucanazole_8ug.ml_GT,c4p451706,4,451706,4.48E-06,0.081422924,1811728,SNP
Flucanazole_8ug.ml_GT,c16p98503,16,98503,1.82E-05,0.220387811,11221763,SNP
Flucanazole_8ug.ml_GT,c4p993763,4,993763,2.49E-05,0.246932028,2353785,SNP
Flucanazole_8ug.ml_GT,c14p609464,14,609464,3.78E-05,0.250694241,9857100,SNP
Flucanazole_8ug.ml_GT,c12p418715,12,418715,3.86E-05,0.250694241,7663743,SNP
Flucanazole_8ug.ml_GT,c15p214032,15,214032,3.90E-05,0.250694241,10246001,SNP
Flucanazole_8ug.ml_GT,c2p153035,2,153035,4.14E-05,0.250694241,383253,SNP
Flucanazole_8ug.ml_GT,c5p122096,5,122096,5.52E-05,0.295860981,3014051,SNP
Flucanazole_8ug.ml_GT,c4p968773,4,968773,5.68E-05,0.295860981,2328795,SNP
Flucanazole_8ug.ml_GT,c15p305436,15,305436,5.70E-05,0.295860981,10337405,SNP
Flucanazole_8ug.ml_GT,c8p211333,8,211333,6.76E-05,0.32925953,5041263,SNP
Flucanazole_8ug.ml_GT,c13p869428,13,869428,6.95E-05,0.32925953,9192633,SNP
Flucanazole_8ug.ml_GT,c16p893345,16,893345,8.23E-05,0.34456526,12016605,SNP
Flucanazole_8ug.ml_GT,c6p248645,6,248645,8.73E-05,0.34456526,3717474,SNP
Flucanazole_8ug.ml_GT,c9p288099,9,288099,8.85E-05,0.34456526,5680672,SNP
Flucanazole_8ug.ml_GT,c10p704820,10,704820,0.000106293,0.399506408,6537281,SNP
Flucanazole_8ug.ml_GT,c15p305531,15,305531,0.000112433,0.40847399,10337500,SNP
Flucanazole_8ug.ml_Yield,c9p372590,9,372590,5.16E-06,0.129151254,5765163,SNP
Flucanazole_8ug.ml_Yield,c16p893345,16,893345,5.87E-06,0.129151254,12016605,SNP
Flucanazole_8ug.ml_Yield,c9p372678,9,372678,5.92E-06,0.129151254,5765251,SNP
Flucanazole_8ug.ml_Yield,c8p396425,8,396425,8.56E-06,0.153003311,5226355,SNP
Flucanazole_8ug.ml_Yield,c8p400443,8,400443,1.04E-05,0.153003311,5230373,SNP
Ketoconazole_0.005mg.mL_GT,c16p131377,16,131377,6.44E-06,0.389909318,11254637,SNP
Ketoconazole_0.005mg.mL_GT,c4p1261713,4,1261713,2.41E-05,0.389909318,2621735,SNP
Ketoconazole_0.005mg.mL_GT,c4p165290,4,165290,3.46E-05,0.389909318,1525312,SNP
Ketoconazole_0.005mg.mL_GT,c16p98497,16,98497,4.76E-05,0.389909318,11221757,SNP
Ketoconazole_0.005mg.mL_GT,c16p98500,16,98500,4.76E-05,0.389909318,11221760,SNP
Ketoconazole_0.005mg.mL_GT,c4p1438565,4,1438565,4.90E-05,0.389909318,2798587,SNP
Ketoconazole_0.005mg.mL_GT,c12p418715,12,418715,5.01E-05,0.389909318,7663743,SNP
Ketoconazole_0.005mg.mL_GT,c15p588536,15,588536,5.07E-05,0.389909318,10620505,SNP
Ketoconazole_0.005mg.mL_GT,c8p400443,8,400443,5.43E-05,0.389909318,5230373,SNP
Ketoconazole_0.005mg.mL_GT,c2p465714,2,465714,6.37E-05,0.389909318,695932,SNP
Ketoconazole_0.005mg.mL_GT,c11p636315,11,636315,6.44E-05,0.389909318,7214527,SNP
Ketoconazole_0.005mg.mL_GT,c4p843611,4,843611,8.40E-05,0.482073934,2203633,SNP
Ketoconazole_0.005mg.mL_Yield,c16p98497,16,98497,1.35E-07,0.005086631,11221757,SNP
Ketoconazole_0.005mg.mL_Yield,c16p98500,16,98500,1.35E-07,0.005086631,11221760,SNP
Ketoconazole_0.005mg.mL_Yield,c16p98503,16,98503,3.81E-07,0.008300803,11221763,SNP
Ketoconazole_0.005mg.mL_Yield,c16p131377,16,131377,1.47E-06,0.025709413,11254637,SNP
Ketoconazole_0.005mg.mL_Yield,c4p843611,4,843611,1.95E-06,0.025709413,2203633,SNP
Ketoconazole_0.005mg.mL_Yield,c8p400443,8,400443,2.59E-06,0.025709413,5230373,SNP
Ketoconazole_0.005mg.mL_Yield,c4p451706,4,451706,5.15E-06,0.040111787,1811728,SNP
Ketoconazole_0.005mg.mL_Yield,c5p95885,5,95885,7.29E-06,0.049641612,2987840,SNP
Ketoconazole_0.0075mg.mL_GT,c11p579367,11,579367,4.12E-17,2.25E-12,7157579,SNP
Ketoconazole_0.0075mg.mL_GT,c4p1163320,4,1163320,1.94E-12,7.06E-08,2523342,SNP
Ketoconazole_0.0075mg.mL_GT,c4p1163418,4,1163418,1.58E-11,3.45E-07,2523440,SNP
Ketoconazole_0.0075mg.mL_GT,c16p489763,16,489763,1.07E-10,1.71E-06,11613023,SNP
Ketoconazole_0.0075mg.mL_GT,c12p273541,12,273541,2.13E-10,2.90E-06,7518569,SNP
Ketoconazole_0.0075mg.mL_GT,c5p219367,5,219367,1.44E-08,0.00013077,3111322,SNP
Ketoconazole_0.0075mg.mL_GT,c7p471518,7,471518,4.80E-08,0.0004024,4210508,SNP
Ketoconazole_0.0075mg.mL_GT,c16p646147,16,646147,1.68E-07,0.001141497,11769407,SNP
Ketoconazole_0.0075mg.mL_GT,c4p1347991,4,1347991,4.35E-07,0.00263327,2708013,SNP
Ketoconazole_0.0075mg.mL_Yield,c8p400443,8,400443,5.66E-07,0.061675836,5230373,SNP
Ketoconazole_0.0075mg.mL_Yield,c16p98373,16,98373,3.41E-06,0.18565055,11221633,SNP
Ketoconazole_0.0075mg.mL_Yield,c10p384932,10,384932,1.07E-05,0.252867211,6217393,SNP
Ketoconazole_0.0075mg.mL_Yield,c5p90719,5,90719,1.79E-05,0.252867211,2982674,SNP
Ketoconazole_0.0075mg.mL_Yield,c5p93878,5,93878,2.45E-05,0.252867211,2985833,SNP
Ketoconazole_0.0075mg.mL_Yield,c16p98500,16,98500,2.54E-05,0.252867211,11221760,SNP
Ketoconazole_0.0075mg.mL_Yield,c16p893345,16,893345,2.78E-05,0.252867211,12016605,SNP
Ketoconazole_0.0075mg.mL_Yield,c4p843611,4,843611,3.25E-05,0.252867211,2203633,SNP
Ketoconazole_0.0075mg.mL_Yield,c4p165290,4,165290,3.25E-05,0.252867211,1525312,SNP
Ketoconazole_0.0075mg.mL_Yield,c15p850944,15,850944,4.64E-05,0.308611023,10882913,SNP
Ketoconazole_0.0075mg.mL_Yield,c1p111812,1,111812,4.81E-05,0.308611023,111812,SNP
Ketoconazole_0.0075mg.mL_Yield,c5p94754,5,94754,8.47E-05,0.446682554,2986709,SNP
Ketoconazole_0.0075mg.mL_Yield,c16p98503,16,98503,8.93E-05,0.446682554,11221763,SNP
Ketoconazole_0.0075mg.mL_Yield,c4p383227,4,383227,9.62E-05,0.446682554,1743249,SNP
Ketoconazole_0.0075mg.mL_Yield,c5p90720,5,90720,9.84E-05,0.446682554,2982675,SNP
Ketoconazole_0.0075mg.mL_Yield,c7p46890,7,46890,0.000103544,0.451443626,3785880,SNP
Ketoconazole_0.0075mg.mL_Yield,c16p131377,16,131377,0.000111414,0.467072174,11254637,SNP
Tebuconazole_0.0075mg.mL_GT,c12p163451,12,163451,5.75E-07,0.032615765,7408479,SNP
Tebuconazole_0.0075mg.mL_GT,c9p88210,9,88210,5.98E-07,0.032615765,5480783,SNP
Tebuconazole_0.0075mg.mL_GT,c9p116282,9,116282,2.27E-06,0.082585617,5508855,SNP
Tebuconazole_0.0075mg.mL_GT,c7p852971,7,852971,6.47E-06,0.135020856,4591961,SNP
Tebuconazole_0.0075mg.mL_GT,c13p273288,13,273288,1.04E-05,0.161530133,8596493,SNP
Tebuconazole_0.0075mg.mL_Yield,c4p383227,4,383227,6.00E-06,0.296966167,1743249,SNP
Tebuconazole_0.0075mg.mL_Yield,c12p144481,12,144481,8.17E-06,0.296966167,7389509,SNP
Tebuconazole_0.0075mg.mL_Yield,c13p69518,13,69518,1.60E-05,0.436016341,8392723,SNP
Tebuconazole_0.0075mg.mL_Yield,c4p1226443,4,1226443,4.92E-05,0.63448606,2586465,SNP
Tebuconazole_0.0075mg.mL_Yield,c4p713861,4,713861,5.82E-05,0.63448606,2073883,SNP
Tebuconazole_0.0075mg.mL_Yield,c7p46094,7,46094,6.74E-05,0.645532469,3785084,SNP
Tebuconazole_0.0075mg.mL_Yield,c15p551369,15,551369,7.74E-05,0.645532469,10583338,SNP
Tebuconazole_0.0075mg.mL_Yield,c2p722169,2,722169,9.46E-05,0.645532469,952387,SNP
Tebuconazole_0.0075mg.mL_Yield,c3p203463,3,203463,0.000107163,0.645532469,1246865,SNP
Tebuconazole_0.0075mg.mL_Yield,c13p69109,13,69109,0.000107256,0.645532469,8392314,SNP
Tebuconazole_0.0125mg.mL_GT,c14p404818,14,404818,1.92E-05,0.7654066,9652454,SNP
Tebuconazole_0.0125mg.mL_GT,c5p401320,5,401320,2.20E-05,0.7654066,3293275,SNP
Tebuconazole_0.0125mg.mL_GT,c8p438265,8,438265,4.78E-05,0.793287919,5268195,SNP
Tebuconazole_0.0125mg.mL_GT,c14p430495,14,430495,4.94E-05,0.793287919,9678131,SNP
Tebuconazole_0.0125mg.mL_GT,c8p431870,8,431870,6.80E-05,0.793287919,5261800,SNP
Tebuconazole_0.0125mg.mL_GT,c8p433331,8,433331,0.000104285,0.793287919,5263261,SNP
Tebuconazole_0.0125mg.mL_Yield,c7p471518,7,471518,6.02E-07,0.065661858,4210508,SNP
Tebuconazole_0.0125mg.mL_Yield,c8p428027,8,428027,1.29E-06,0.069695854,5257957,SNP
Tebuconazole_0.0125mg.mL_Yield,c15p158197,15,158197,1.92E-06,0.069695854,10190166,SNP
Tebuconazole_0.0125mg.mL_Yield,c12p831793,12,831793,6.72E-06,0.142859315,8076821,SNP
Tebuconazole_0.0125mg.mL_Yield,c10p691617,10,691617,9.17E-06,0.142859315,6524078,SNP
Tebuconazole_0.0125mg.mL_Yield,c10p691782,10,691782,9.17E-06,0.142859315,6524243,SNP
Tebuconazole_0.0125mg.mL_Yield,c10p693507,10,693507,9.17E-06,0.142859315,6525968,SNP
Tebuconazole_0.0125mg.mL_Yield,c10p691911,10,691911,1.50E-05,0.204042297,6524372,SNP
Tebuconazole_0.0125mg.mL_Yield,c15p584477,15,584477,1.78E-05,0.209069493,10616446,SNP
Tebuconazole_0.0125mg.mL_Yield,c10p694457,10,694457,3.45E-05,0.270247141,6526918,SNP
Tebuconazole_0.0125mg.mL_Yield,c7p336889,7,336889,3.69E-05,0.270247141,4075879,SNP
Tebuconazole_0.0125mg.mL_Yield,c15p589248,15,589248,3.82E-05,0.270247141,10621217,SNP
Tebuconazole_0.0125mg.mL_Yield,c7p31914,7,31914,3.97E-05,0.270247141,3770904,SNP
Tebuconazole_0.0125mg.mL_Yield,c14p258392,14,258392,4.00E-05,0.270247141,9506028,SNP
Tebuconazole_0.0125mg.mL_Yield,c14p276550,14,276550,5.22E-05,0.305511928,9524186,SNP
Tebuconazole_0.0125mg.mL_Yield,c15p589272,15,589272,5.71E-05,0.31095125,10621241,SNP
Tebuconazole_0.0125mg.mL_Yield,c15p172768,15,172768,6.05E-05,0.313846506,10204737,SNP
Tebuconazole_0.0125mg.mL_Yield,c15p676340,15,676340,7.33E-05,0.329362187,10708309,SNP
Tebuconazole_0.0125mg.mL_Yield,c11p566850,11,566850,7.55E-05,0.329362187,7145062,SNP
Tebuconazole_0.0125mg.mL_Yield,c10p390224,10,390224,8.22E-05,0.338100147,6222685,SNP
Tebuconazole_0.0125mg.mL_Yield,c15p562225,15,562225,8.52E-05,0.338100147,10594194,SNP
Tebuconazole_0.0125mg.mL_Yield,c4p640973,4,640973,8.69E-05,0.338100147,2000995,SNP
Tebuconazole_0.0125mg.mL_Yield,c10p691535,10,691535,9.33E-05,0.338921506,6523996,SNP
Tebuconazole_0.0125mg.mL_Yield,c4p640997,4,640997,9.69E-05,0.338921506,2001019,SNP
Tebuconazole_0.0125mg.mL_Yield,c15p591787,15,591787,0.000100336,0.338921506,10623756,SNP
Tebuconazole_0.0125mg.mL_Yield,c12p98309,12,98309,0.000100677,0.338921506,7343337,SNP
Tebuconazole_0.0125mg.mL_Yield,c13p783184,13,783184,0.000106912,0.338921506,9106389,SNP
Tebuconazole_0.0125mg.mL_Yield,c10p389945,10,389945,0.00010883,0.338921506,6222406,SNP
Tyrosol_0.6mg.mL_GT,c15p551369,15,551369,1.09E-05,0.37268748,10583338,SNP
Tyrosol_0.6mg.mL_GT,c15p762046,15,762046,1.41E-05,0.37268748,10794015,SNP
Tyrosol_0.6mg.mL_GT,c16p764125,16,764125,1.55E-05,0.37268748,11887385,SNP
Tyrosol_0.6mg.mL_GT,c15p245116,15,245116,1.72E-05,0.37268748,10277085,SNP
Tyrosol_0.6mg.mL_GT,c9p405078,9,405078,1.81E-05,0.37268748,5797651,SNP
Tyrosol_0.6mg.mL_GT,c2p791790,2,791790,2.88E-05,0.414024894,1022008,SNP
Tyrosol_0.6mg.mL_GT,c5p120903,5,120903,3.04E-05,0.414024894,3012858,SNP
Tyrosol_0.6mg.mL_GT,c10p380913,10,380913,4.77E-05,0.520126746,6213374,SNP
Tyrosol_0.6mg.mL_GT,c4p965160,4,965160,7.77E-05,0.616035877,2325182,SNP
Tyrosol_0.6mg.mL_GT,c9p272283,9,272283,8.00E-05,0.616035877,5664856,SNP
Tyrosol_0.6mg.mL_GT,c8p98978,8,98978,8.33E-05,0.616035877,4928908,SNP
Tyrosol_0.6mg.mL_GT,c7p989001,7,989001,9.78E-05,0.616035877,4727991,SNP
Tyrosol_0.6mg.mL_GT,c16p435011,16,435011,0.000108143,0.620389386,11558271,SNP
Tyrosol_0.6mg.mL_Yield,c7p88819,7,88819,3.76E-07,0.013676765,3827809,SNP
AmphotericinB_0.5ug.ml_GT,c12p201632,12,201632,1.97E-06,0.161073425,7446660,SNP
AmphotericinB_0.5ug.ml_GT,c9p395274,9,395274,5.82E-05,0.500530703,5787847,SNP
AmphotericinB_0.5ug.ml_GT,c9p384418,9,384418,7.19E-05,0.500530703,5776991,SNP
AmphotericinB_0.5ug.ml_GT,c8p267185,8,267185,7.60E-05,0.500530703,5097115,SNP
AmphotericinB_0.5ug.ml_GT,c5p562881,5,562881,8.52E-05,0.500530703,3454836,SNP
AmphotericinB_0.5ug.ml_GT,c16p424073,16,424073,0.000110793,0.500530703,11547333,SNP
AmphotericinB_0.5ug.ml_Yield,c12p201632,12,201632,2.34E-06,0.063741579,7446660,SNP
AmphotericinB_0.5ug.ml_Yield,c4p57243,4,57243,4.66E-06,0.094236906,1417265,SNP
AmphotericinB_0.5ug.ml_Yield,c9p384344,9,384344,2.11E-05,0.239740369,5776917,SNP
AmphotericinB_0.5ug.ml_Yield,c5p562881,5,562881,2.20E-05,0.239740369,3454836,SNP
AmphotericinB_0.5ug.ml_Yield,c9p384418,9,384418,2.70E-05,0.239740369,5776991,SNP
AmphotericinB_0.5ug.ml_Yield,c5p295030,5,295030,2.86E-05,0.239740369,3186985,SNP
AmphotericinB_0.5ug.ml_Yield,c2p117085,2,117085,3.78E-05,0.271760147,347303,SNP
AmphotericinB_0.5ug.ml_Yield,c9p395274,9,395274,3.99E-05,0.271760147,5787847,SNP
AmphotericinB_0.5ug.ml_Yield,c4p57189,4,57189,5.36E-05,0.324524943,1417211,SNP
AmphotericinB_0.5ug.ml_Yield,c8p267185,8,267185,7.08E-05,0.3764432,5097115,SNP
AmphotericinB_0.5ug.ml_Yield,c5p354228,5,354228,7.53E-05,0.3764432,3246183,SNP
AmphotericinB_0.5ug.ml_Yield,c13p465197,13,465197,7.94E-05,0.3764432,8788402,SNP
AmphotericinB_0.5ug.ml_Yield,c2p449467,2,449467,8.94E-05,0.386896337,679685,SNP
AmphotericinB_0.5ug.ml_Yield,c16p870022,16,870022,0.000114126,0.386896337,11993282,SNP
Caspofungin_0.5ug.ml_GT,c10p71174,10,71174,1.43E-05,0.194809842,5903635,SNP
Caspofungin_0.5ug.ml_GT,c7p89498,7,89498,2.20E-05,0.265910133,3828488,SNP
Caspofungin_0.5ug.ml_GT,c4p1135499,4,1135499,5.08E-05,0.327004413,2495521,SNP
Caspofungin_0.5ug.ml_GT,c16p88210,16,88210,5.18E-05,0.327004413,11211470,SNP
Caspofungin_0.5ug.ml_GT,c5p141189,5,141189,7.99E-05,0.327004413,3033144,SNP
Caspofungin_0.5ug.ml_GT,c7p90010,7,90010,8.17E-05,0.327004413,3829000,SNP
Caspofungin_0.5ug.ml_GT,c12p548799,12,548799,8.63E-05,0.327004413,7793827,SNP
Caspofungin_0.5ug.ml_Yield,c7p89498,7,89498,5.08E-07,0.013852189,3828488,SNP
Caspofungin_0.5ug.ml_Yield,c7p942720,7,942720,2.80E-06,0.044646816,4681710,SNP
Caspofungin_0.5ug.ml_Yield,c7p942796,7,942796,2.80E-06,0.044646816,4681786,SNP
Caspofungin_0.5ug.ml_Yield,c7p942716,7,942716,3.28E-06,0.044646816,4681706,SNP
Caspofungin_0.5ug.ml_Yield,c1p71281,1,71281,1.27E-05,0.126939961,71281,SNP
Caspofungin_0.5ug.ml_Yield,c12p40608,12,40608,1.40E-05,0.127199815,7285636,SNP
Caspofungin_0.5ug.ml_Yield,c16p373531,16,373531,5.19E-05,0.257316747,11496791,SNP
Caspofungin_0.5ug.ml_Yield,c9p129784,9,129784,6.53E-05,0.296457122,5522357,SNP
Caspofungin_0.5ug.ml_Yield,c2p636645,2,636645,9.32E-05,0.362849953,866863,SNP
Clotrimazole_0.3ug.ml_GT,c4p439588,4,439588,2.05E-05,0.210802811,1799610,SNP
Clotrimazole_0.3ug.ml_GT,c14p400635,14,400635,2.13E-05,0.210802811,9648271,SNP
Clotrimazole_0.3ug.ml_GT,c15p907702,15,907702,2.81E-05,0.249912671,10939671,SNP
Clotrimazole_0.3ug.ml_GT,c14p665108,14,665108,6.41E-05,0.367722914,9912744,SNP
Clotrimazole_0.3ug.ml_GT,c10p665190,10,665190,9.96E-05,0.470739735,6497651,SNP
Clotrimazole_0.3ug.ml_Yield,c16p100260,16,100260,4.61E-06,0.079706273,11223520,SNP
Clotrimazole_0.3ug.ml_Yield,c7p379677,7,379677,1.24E-05,0.168911135,4118667,SNP
Clotrimazole_0.3ug.ml_Yield,c5p94351,5,94351,1.60E-05,0.181716806,2986306,SNP
Clotrimazole_0.3ug.ml_Yield,c2p117085,2,117085,2.66E-05,0.206308833,347303,SNP
Clotrimazole_0.3ug.ml_Yield,c2p363954,2,363954,2.97E-05,0.206308833,594172,SNP
Clotrimazole_0.3ug.ml_Yield,c12p243794,12,243794,3.22E-05,0.206308833,7488822,SNP
Clotrimazole_0.3ug.ml_Yield,c5p94534,5,94534,8.10E-05,0.315226757,2986489,SNP
Clotrimazole_0.3ug.ml_Yield,c8p280227,8,280227,8.89E-05,0.328061462,5110157,SNP
Clotrimazole_0.3ug.ml_Yield,c2p364199,2,364199,9.03E-05,0.328061462,594417,SNP
Cycloheximide_0.2aug.ml_GT,c15p616846,15,616846,1.01E-05,0.19608656,10648815,SNP
Cycloheximide_0.2aug.ml_GT,c5p111402,5,111402,3.04E-05,0.403782887,3003357,SNP
Cycloheximide_0.2aug.ml_GT,c7p959010,7,959010,5.42E-05,0.492080572,4698000,SNP
Cycloheximide_0.2aug.ml_GT,c5p81334,5,81334,8.37E-05,0.605049397,2973289,SNP
Cycloheximide_0.2aug.ml_GT,c8p283522,8,283522,0.000100313,0.617748732,5113452,SNP
Cycloheximide_0.2aug.ml_Yield,c8p283522,8,283522,5.40E-06,0.191520926,5113452,SNP
Cycloheximide_0.2aug.ml_Yield,c13p239365,13,239365,7.86E-06,0.191520926,8562570,SNP
Cycloheximide_0.2aug.ml_Yield,c4p1385323,4,1385323,1.35E-05,0.191520926,2745345,SNP
Cycloheximide_0.2aug.ml_Yield,c5p101687,5,101687,4.96E-05,0.280582519,2993642,SNP
Cycloheximide_0.2aug.ml_Yield,c10p73584,10,73584,5.53E-05,0.280582519,5906045,SNP
Cycloheximide_0.2aug.ml_Yield,c12p1002555,12,1002555,6.06E-05,0.280582519,8247583,SNP
Cycloheximide_0.2aug.ml_Yield,c8p272617,8,272617,6.54E-05,0.280582519,5102547,SNP
Cycloheximide_0.2aug.ml_Yield,c12p196595,12,196595,7.47E-05,0.280582519,7441623,SNP
Cycloheximide_0.2aug.ml_Yield,c2p9832,2,9832,9.55E-05,0.335696746,240050,SNP
Flucanazole_8ug.ml_GT,c16p100260,16,100260,4.32E-06,0.081422924,11223520,SNP
Flucanazole_8ug.ml_GT,c9p384344,9,384344,1.78E-05,0.220387811,5776917,SNP
Flucanazole_8ug.ml_GT,c5p146857,5,146857,3.31E-05,0.250694241,3038812,SNP
Flucanazole_8ug.ml_GT,c4p992964,4,992964,3.94E-05,0.250694241,2352986,SNP
Flucanazole_8ug.ml_GT,c10p134119,10,134119,4.08E-05,0.250694241,5966580,SNP
Flucanazole_8ug.ml_GT,c15p616846,15,616846,7.50E-05,0.340416574,10648815,SNP
Flucanazole_8ug.ml_GT,c10p310647,10,310647,8.34E-05,0.34456526,6143108,SNP
Flucanazole_8ug.ml_Yield,c12p707189,12,707189,1.13E-06,0.123133317,7952217,SNP
Flucanazole_8ug.ml_Yield,c4p22112,4,22112,5.92E-06,0.129151254,1382134,SNP
Ketoconazole_0.005mg.mL_GT,c4p1429089,4,1429089,1.47E-05,0.389909318,2789111,SNP
Ketoconazole_0.005mg.mL_GT,c13p115465,13,115465,5.42E-05,0.389909318,8438670,SNP
Ketoconazole_0.005mg.mL_GT,c2p117085,2,117085,5.51E-05,0.389909318,347303,SNP
Ketoconazole_0.005mg.mL_GT,c16p100260,16,100260,5.96E-05,0.389909318,11223520,SNP
Ketoconazole_0.005mg.mL_GT,c16p688146,16,688146,9.33E-05,0.508257411,11811406,SNP
Ketoconazole_0.005mg.mL_Yield,c16p100260,16,100260,1.87E-07,0.005086631,11223520,SNP
Ketoconazole_0.005mg.mL_Yield,c2p363954,2,363954,1.69E-06,0.025709413,594172,SNP
Ketoconazole_0.005mg.mL_Yield,c2p117085,2,117085,2.59E-06,0.025709413,347303,SNP
Ketoconazole_0.005mg.mL_Yield,c7p984767,7,984767,3.20E-06,0.029110119,4723757,SNP
Ketoconazole_0.005mg.mL_Yield,c12p243794,12,243794,4.43E-06,0.037116062,7488822,SNP
Ketoconazole_0.0075mg.mL_GT,c8p512356,8,512356,4.17E-20,4.54E-15,5342286,SNP
Ketoconazole_0.0075mg.mL_GT,c5p284336,5,284336,4.78E-12,1.30E-07,3176291,SNP
Ketoconazole_0.0075mg.mL_GT,c11p146436,11,146436,1.10E-10,1.71E-06,6724648,SNP
Ketoconazole_0.0075mg.mL_GT,c4p1175909,4,1175909,3.37E-09,3.68E-05,2535931,SNP
Ketoconazole_0.0075mg.mL_GT,c5p424644,5,424644,5.60E-09,5.55E-05,3316599,SNP
Ketoconazole_0.0075mg.mL_GT,c7p800289,7,800289,6.47E-07,0.003708936,4539279,SNP
Ketoconazole_0.0075mg.mL_Yield,c2p117085,2,117085,1.91E-05,0.252867211,347303,SNP
Ketoconazole_0.0075mg.mL_Yield,c16p100260,16,100260,2.99E-05,0.252867211,11223520,SNP
Ketoconazole_0.0075mg.mL_Yield,c4p845187,4,845187,4.41E-05,0.308611023,2205209,SNP
Ketoconazole_0.0075mg.mL_Yield,c2p449467,2,449467,7.27E-05,0.440099818,679685,SNP
Ketoconazole_0.0075mg.mL_Yield,c7p850794,7,850794,8.89E-05,0.446682554,4589784,SNP
Ketoconazole_0.0075mg.mL_Yield,c5p174638,5,174638,9.16E-05,0.446682554,3066593,SNP
Tebuconazole_0.0075mg.mL_GT,c9p394001,9,394001,6.65E-06,0.135020856,5786574,SNP
Tebuconazole_0.0075mg.mL_Yield,c12p745074,12,745074,5.08E-06,0.296966167,7990102,SNP
Tebuconazole_0.0075mg.mL_Yield,c12p809137,12,809137,2.88E-05,0.616509053,8054165,SNP
Tebuconazole_0.0075mg.mL_Yield,c3p206013,3,206013,3.39E-05,0.616509053,1249415,SNP
Tebuconazole_0.0075mg.mL_Yield,c7p90010,7,90010,4.95E-05,0.63448606,3829000,SNP
Tebuconazole_0.0075mg.mL_Yield,c12p805554,12,805554,5.63E-05,0.63448606,8050582,SNP
Tebuconazole_0.0075mg.mL_Yield,c7p79021,7,79021,8.14E-05,0.645532469,3818011,SNP
Tebuconazole_0.0075mg.mL_Yield,c15p520782,15,520782,8.38E-05,0.645532469,10552751,SNP
Tebuconazole_0.0125mg.mL_GT,c8p85218,8,85218,2.31E-05,0.7654066,4915148,SNP
Tebuconazole_0.0125mg.mL_GT,c9p415857,9,415857,2.81E-05,0.7654066,5808430,SNP
Tebuconazole_0.0125mg.mL_GT,c5p67436,5,67436,8.44E-05,0.793287919,2959391,SNP
Tebuconazole_0.0125mg.mL_GT,c11p77051,11,77051,0.00010439,0.793287919,6655263,SNP
Tebuconazole_0.0125mg.mL_Yield,c16p718947,16,718947,1.92E-05,0.209069493,11842207,SNP
Tebuconazole_0.0125mg.mL_Yield,c14p526012,14,526012,4.13E-05,0.270247141,9773648,SNP
Tebuconazole_0.0125mg.mL_Yield,c4p620655,4,620655,4.21E-05,0.270247141,1980677,SNP
Tebuconazole_0.0125mg.mL_Yield,c4p621144,4,621144,5.33E-05,0.305511928,1981166,SNP
Tebuconazole_0.0125mg.mL_Yield,c15p721768,15,721768,6.81E-05,0.329362187,10753737,SNP
Tebuconazole_0.0125mg.mL_Yield,c5p342345,5,342345,7.16E-05,0.329362187,3234300,SNP
Tebuconazole_0.0125mg.mL_Yield,c4p620447,4,620447,0.000106711,0.338921506,1980469,SNP
Tebuconazole_0.0125mg.mL_Yield,c12p29912,12,29912,0.000118188,0.357840012,7274940,SNP
Tyrosol_0.6mg.mL_GT,c11p565905,11,565905,3.45E-05,0.417650733,7144117,SNP
Tyrosol_0.6mg.mL_GT,c9p396737,9,396737,7.25E-05,0.616035877,5789310,SNP
Tyrosol_0.6mg.mL_GT,c12p745074,12,745074,8.88E-05,0.616035877,7990102,SNP
Tyrosol_0.6mg.mL_GT,c8p32872,8,32872,0.000101733,0.616035877,4862802,SNP
Tyrosol_0.6mg.mL_Yield,c15p520782,15,520782,4.41E-08,0.004810789,10552751,SNP
Tyrosol_0.6mg.mL_Yield,c15p520709,15,520709,2.01E-07,0.010938291,10552678,SNP